{"stats":{"minecraft:custom":{"minecraft:time_since_rest":5406,"minecraft:crouch_one_cm":2601,"minecraft:sprint_one_cm":9735,"minecraft:play_time":19766,"minecraft:damage_taken":257,"minecraft:deaths":1,"minecraft:walk_one_cm":6334,"minecraft:sneak_time":1425,"minecraft:walk_under_water_one_cm":172,"minecraft:jump":135,"minecraft:aviate_one_cm":278238,"minecraft:damage_dealt":385,"minecraft:leave_game":2,"minecraft:walk_on_water_one_cm":472,"minecraft:time_since_death":5377,"minecraft:total_world_time":19766,"minecraft:swim_one_cm":10306,"minecraft:fall_one_cm":6042,"minecraft:fly_one_cm":66909},"minecraft:mined":{"minecraft:short_grass":2,"minecraft:acacia_log":5,"minecraft:sand":20,"minecraft:tall_grass":1},"minecraft:picked_up":{"minecraft:acacia_log":5,"minecraft:sand":20},"minecraft:used":{"minecraft:firework_rocket":10,"minecraft:sand":17,"minecraft:elytra":1,"minecraft:acacia_planks":15},"minecraft:crafted":{"minecraft:acacia_planks":20}},"DataVersion":3839}