{"stats":{"minecraft:custom":{"minecraft:time_since_rest":8013,"minecraft:damage_absorbed":198,"minecraft:sprint_one_cm":39033,"minecraft:walk_one_cm":39772,"minecraft:damage_taken":856,"minecraft:damage_blocked_by_shield":1454,"minecraft:interact_with_anvil":2,"minecraft:mob_kills":24,"minecraft:drop":17,"minecraft:damage_dealt":4841,"minecraft:swim_one_cm":13721,"minecraft:fly_one_cm":125602,"minecraft:crouch_one_cm":2745,"minecraft:play_time":31630,"minecraft:deaths":3,"minecraft:sneak_time":1469,"minecraft:walk_under_water_one_cm":13875,"minecraft:aviate_one_cm":345995,"minecraft:jump":337,"minecraft:leave_game":2,"minecraft:time_since_death":7987,"minecraft:walk_on_water_one_cm":1507,"minecraft:total_world_time":31630,"minecraft:damage_resisted":100,"minecraft:fall_one_cm":7582},"minecraft:mined":{"minecraft:short_grass":2,"minecraft:acacia_log":5,"minecraft:sand":20,"minecraft:tall_grass":1},"minecraft:picked_up":{"minecraft:netherite_boots":4,"minecraft:stick":2,"minecraft:acacia_log":5,"minecraft:potion":1,"minecraft:sand":20,"minecraft:gunpowder":1,"minecraft:shield":1,"minecraft:netherite_leggings":7,"minecraft:string":1,"minecraft:bone":9,"minecraft:arrow":8,"minecraft:rotten_flesh":11,"minecraft:netherite_helmet":5,"minecraft:netherite_sword":2,"minecraft:netherite_chestplate":7},"minecraft:used":{"minecraft:trident":25,"minecraft:netherite_sword":63,"minecraft:firework_rocket":10,"minecraft:netherite_chestplate":2,"minecraft:elytra":2,"minecraft:shield":21,"minecraft:zombie_spawn_egg":24,"minecraft:netherite_boots":2,"minecraft:sand":17,"minecraft:anvil":2,"minecraft:skeleton_spawn_egg":4,"minecraft:netherite_leggings":2,"minecraft:netherite_helmet":40,"minecraft:acacia_planks":15,"minecraft:enchanted_golden_apple":2},"minecraft:killed":{"minecraft:skeleton":2,"minecraft:zombie":19,"minecraft:witch":1,"minecraft:spider":1,"minecraft:creeper":1},"minecraft:killed_by":{"minecraft:zombie":1},"minecraft:dropped":{"minecraft:netherite_sword":1,"minecraft:netherite_chestplate":5,"minecraft:netherite_boots":2,"minecraft:netherite_helmet":3,"minecraft:netherite_leggings":5,"minecraft:bone":1},"minecraft:crafted":{"minecraft:acacia_planks":20}},"DataVersion":3839}