{"stats":{"minecraft:picked_up":{"minecraft:wheat_seeds":2,"minecraft:oak_log":6,"minecraft:black_wool":1,"minecraft:sugar_cane":2,"minecraft:mutton":2,"minecraft:dirt":14},"minecraft:custom":{"minecraft:time_since_rest":9252,"minecraft:play_time":9252,"minecraft:crouch_one_cm":702,"minecraft:sprint_one_cm":32074,"minecraft:damage_taken":100,"minecraft:walk_one_cm":9172,"minecraft:bell_ring":25,"minecraft:sneak_time":279,"minecraft:walk_under_water_one_cm":62,"minecraft:mob_kills":2,"minecraft:drop":5,"minecraft:jump":271,"minecraft:interact_with_brewingstand":1,"minecraft:damage_dealt":324,"minecraft:leave_game":2,"minecraft:time_since_death":9252,"minecraft:walk_on_water_one_cm":363,"minecraft:total_world_time":9252,"minecraft:swim_one_cm":1353,"minecraft:talked_to_villager":11,"minecraft:fall_one_cm":9324,"minecraft:fly_one_cm":61191},"minecraft:killed":{"minecraft:sheep":1,"minecraft:villager":1},"minecraft:crafted":{"minecraft:oak_planks":24},"minecraft:dropped":{"minecraft:dirt":5},"minecraft:mined":{"minecraft:short_grass":7,"minecraft:grass_block":6,"minecraft:oak_log":6,"minecraft:dirt":3,"minecraft:sugar_cane":1},"minecraft:used":{"minecraft:dirt":9,"minecraft:mutton":2,"minecraft:oak_planks":7}},"DataVersion":3839}