{"stats":{"minecraft:custom":{"minecraft:time_since_rest":11464,"minecraft:crouch_one_cm":2326,"minecraft:play_time":11464,"minecraft:sprint_one_cm":8982,"minecraft:damage_taken":135,"minecraft:walk_one_cm":5694,"minecraft:sneak_time":1363,"minecraft:walk_under_water_one_cm":172,"minecraft:jump":128,"minecraft:damage_dealt":385,"minecraft:time_since_death":11464,"minecraft:walk_on_water_one_cm":472,"minecraft:total_world_time":11464,"minecraft:swim_one_cm":10306,"minecraft:fall_one_cm":5076,"minecraft:fly_one_cm":27672},"minecraft:mined":{"minecraft:short_grass":2,"minecraft:acacia_log":5,"minecraft:sand":20,"minecraft:tall_grass":1},"minecraft:picked_up":{"minecraft:acacia_log":5,"minecraft:sand":20},"minecraft:used":{"minecraft:sand":17,"minecraft:acacia_planks":15},"minecraft:crafted":{"minecraft:acacia_planks":20}},"DataVersion":3839}